Region,Constituency,Station,Registered,,,,,,,,,,,,,,,
Banjul,Banjul Central,22nd July Square .,2505,,,,,,,,,,,,,,,
Banjul,Banjul Central,Banjul. City Council,694,,,,,,,,,,,,,,,
Banjul,Banjul Central,Bethel Church,470,,,,,,,,,,,,,,,
Banjul,Banjul Central,Odeon Cinema,570,,,,,,,,,,,,,,,
Banjul,Banjul Central,Sam Jack Terrace,2666,,,,,,,,,,,,,,,
Banjul,Banjul Central,Wellesley Macdonald St. Junc.,1466,,,,,,,,,,,,,,,
Banjul,Banjul North,Campama Pri. Sch.,2600,,,,,,,,,,,,,,,
Banjul,Banjul North,Crab Island Jun. Sch.,461,,,,,,,,,,,,,,,
Banjul,Banjul North,Gambia Sen. Sec. Sch. (Next To Arch 22),1803,,,,,,,,,,,,,,,
Banjul,Banjul North,Police Barracks,1518,,,,,,,,,,,,,,,
Banjul,Banjul North,St. Joseph Sen. Sec. Sch.,371,,,,,,,,,,,,,,,
Banjul,Banjul South,Banjul Mini Stadium,1720,,,,,,,,,,,,,,,
Banjul,Banjul South,Lasso Wharf Market,904,,,,,,,,,,,,,,,
Banjul,Banjul South,Methodist Pri. Sch.( Wesley Annex),896,,,,,,,,,,,,,,,
Banjul,Banjul South,Muhammadan Pri. Sch.,1147,,,,,,,,,,,,,,,
Banjul,Banjul South,St. Aug. Jnr. Sec. Sch.,450,,,,,,,,,,,,,,,
Banjul,Banjul South,Wesley Pri.Sch.,1131,,,,,,,,,,,,,,,
Basse,Basse,Allounghare,2984,,,,,,,,,,,,,,,
Basse,Basse,Baniko Kekoro,1830,,,,,,,,,,,,,,,
Basse,Basse,Basse  Dunya Cinema,3250,,,,,,,,,,,,,,,
Basse,Basse,Basse Community Centre,1080,,,,,,,,,,,,,,,
Basse,Basse,Fass Bajong,1239,,,,,,,,,,,,,,,
Basse,Basse,Giroba Kunda,1223,,,,,,,,,,,,,,,
Basse,Basse,Kabakama,1559,,,,,,,,,,,,,,,
Basse,Basse,Kanube,743,,,,,,,,,,,,,,,
Basse,Basse,Koba Kunda,995,,,,,,,,,,,,,,,
Basse,Basse,Kumbija,1437,,,,,,,,,,,,,,,
Basse,Basse,Manneh Kunda,919,,,,,,,,,,,,,,,
Basse,Basse,Mansajang Kunda,1410,,,,,,,,,,,,,,,
Basse,Basse,Sabi,3882,,,,,,,,,,,,,,,
Basse,Basse,Sare Musa,244,,,,,,,,,,,,,,,
Basse,Jimara,Bakadaji,1334,,,,,,,,,,,,,,,
Basse,Jimara,Bantankore (Sandi Kunda),785,,,,,,,,,,,,,,,
Basse,Jimara,Demba Kunda Bahawa,920,,,,,,,,,,,,,,,
Basse,Jimara,Demba Kunda Moribugu,1768,,,,,,,,,,,,,,,
Basse,Jimara,Fatako,294,,,,,,,,,,,,,,,
Basse,Jimara,Gambisara,5791,,,,,,,,,,,,,,,
Basse,Jimara,Hella Kunda,557,,,,,,,,,,,,,,,
Basse,Jimara,Julangel,1098,,,,,,,,,,,,,,,
Basse,Jimara,Koro Jula Kunda,344,,,,,,,,,,,,,,,
Basse,Jimara,Kossemar Tenda,484,,,,,,,,,,,,,,,
Basse,Jimara,Mankamang Kunda,712,,,,,,,,,,,,,,,
Basse,Jimara,Medina Samba Sowe,515,,,,,,,,,,,,,,,
Basse,Jimara,Numuyel,2338,,,,,,,,,,,,,,,
Basse,Jimara,Sare Bojo  (Ngamana),1877,,,,,,,,,,,,,,,
Basse,Jimara,Sare Jawbeh,474,,,,,,,,,,,,,,,
Basse,Jimara,Sare Njobo,1053,,,,,,,,,,,,,,,
Basse,Jimara,Sare Wollom,402,,,,,,,,,,,,,,,
Basse,Jimara,Sotuma Sere,1827,,,,,,,,,,,,,,,
Basse,Jimara,Tabajang,479,,,,,,,,,,,,,,,
Basse,Kantora,Baragi Kunda,301,,,,,,,,,,,,,,,
Basse,Kantora,Boli Bana,286,,,,,,,,,,,,,,,
Basse,Kantora,Brikama Kantora,436,,,,,,,,,,,,,,,
Basse,Kantora,Fantumbu,479,,,,,,,,,,,,,,,
Basse,Kantora,Fatoto,967,,,,,,,,,,,,,,,
Basse,Kantora,Gambisara Lamoi,819,,,,,,,,,,,,,,,
Basse,Kantora,Garawol  A,1867,,,,,,,,,,,,,,,
Basse,Kantora,Garawol  B,2159,,,,,,,,,,,,,,,
Basse,Kantora,Gidda,879,,,,,,,,,,,,,,,
Basse,Kantora,Kebbeh Kunda,330,,,,,,,,,,,,,,,
Basse,Kantora,Keneba Kantora,708,,,,,,,,,,,,,,,
Basse,Kantora,Koina,3031,,,,,,,,,,,,,,,
Basse,Kantora,Missera Ba Mariama,1591,,,,,,,,,,,,,,,
Basse,Kantora,Nyamanari,1548,,,,,,,,,,,,,,,
Basse,Kantora,Sabi Kalilu,280,,,,,,,,,,,,,,,
Basse,Kantora,Sami Koto,522,,,,,,,,,,,,,,,
Basse,Kantora,Songkunda,1055,,,,,,,,,,,,,,,
Basse,Kantora,Suduwol,1124,,,,,,,,,,,,,,,
Basse,Sandu,Changali Lang Kaddy,886,,,,,,,,,,,,,,,
Basse,Sandu,Darsilameh Bulembu,750,,,,,,,,,,,,,,,
Basse,Sandu,Darsilameh Mandinka,979,,,,,,,,,,,,,,,
Basse,Sandu,Darsilameh Takutala,1052,,,,,,,,,,,,,,,
Basse,Sandu,Diabugu Batapa,2312,,,,,,,,,,,,,,,
Basse,Sandu,Kuraw Arfang,579,,,,,,,,,,,,,,,
Basse,Sandu,Kuwonku,697,,,,,,,,,,,,,,,
Basse,Sandu,Mamadi Ceesay Kunda,549,,,,,,,,,,,,,,,
Basse,Sandu,Missera,1138,,,,,,,,,,,,,,,
Basse,Sandu,Naude,912,,,,,,,,,,,,,,,
Basse,Sandu,Niankui,746,,,,,,,,,,,,,,,
Basse,Sandu,Sare Demba Toro,1284,,,,,,,,,,,,,,,
Basse,Sandu,Sare Gugu Basirou,1160,,,,,,,,,,,,,,,
Basse,Tumana,Badari,621,,,,,,,,,,,,,,,
Basse,Tumana,Bissandugu,748,,,,,,,,,,,,,,,
Basse,Tumana,Chamoi,668,,,,,,,,,,,,,,,
Basse,Tumana,Daibugu Ba- Sillah,601,,,,,,,,,,,,,,,
Basse,Tumana,Dampha Kunda,2000,,,,,,,,,,,,,,,
Basse,Tumana,Dingiri,1772,,,,,,,,,,,,,,,
Basse,Tumana,Kulari,2841,,,,,,,,,,,,,,,
Basse,Tumana,Kulkuleh,643,,,,,,,,,,,,,,,
Basse,Tumana,Kundam Ma- Fatty,1116,,,,,,,,,,,,,,,
Basse,Tumana,Medina Samako,809,,,,,,,,,,,,,,,
Basse,Tumana,Njayel,557,,,,,,,,,,,,,,,
Basse,Tumana,Perai,677,,,,,,,,,,,,,,,
Basse,Tumana,Sanunding,844,,,,,,,,,,,,,,,
Basse,Tumana,Sare Alpha,1898,,,,,,,,,,,,,,,
Basse,Tumana,Tambasansang,622,,,,,,,,,,,,,,,
Basse,Tumana,Waliba Kunda,578,,,,,,,,,,,,,,,
Basse,Wulli East,Baja Kunda,2907,,,,,,,,,,,,,,,
Basse,Wulli East,Bantunding,1012,,,,,,,,,,,,,,,
Basse,Wulli East,Boro Kanda Kasseh,913,,,,,,,,,,,,,,,
Basse,Wulli East,Brifu,748,,,,,,,,,,,,,,,
Basse,Wulli East,Foday Kunda,437,,,,,,,,,,,,,,,
Basse,Wulli East,Gunjur Koto,327,,,,,,,,,,,,,,,
Basse,Wulli East,Macca Masireh,746,,,,,,,,,,,,,,,
Basse,Wulli East,Mureh Kunda,631,,,,,,,,,,,,,,,
Basse,Wulli East,Passamas Mandinka,886,,,,,,,,,,,,,,,
Basse,Wulli East,Sakoley Kunda,587,,,,,,,,,,,,,,,
Basse,Wulli East,Sare Bohum,811,,,,,,,,,,,,,,,
Basse,Wulli East,Sutokoba,1620,,,,,,,,,,,,,,,
Basse,Wulli East,Wellingara Yareh,644,,,,,,,,,,,,,,,
Basse,Wulli West,Banni Israel,476,,,,,,,,,,,,,,,
Basse,Wulli West,Barrow Kunda,834,,,,,,,,,,,,,,,
Basse,Wulli West,Chamoi Bunda,901,,,,,,,,,,,,,,,
Basse,Wulli West,Fadia Kunda,615,,,,,,,,,,,,,,,
Basse,Wulli West,Gunjur Kuta,1364,,,,,,,,,,,,,,,
Basse,Wulli West,Jah Kunda,795,,,,,,,,,,,,,,,
Basse,Wulli West,Kerewan Badala,365,,,,,,,,,,,,,,,
Basse,Wulli West,Kerewan Nyakoi,398,,,,,,,,,,,,,,,
Basse,Wulli West,Koli Bantang,767,,,,,,,,,,,,,,,
Basse,Wulli West,Limbambulu Yamadou,542,,,,,,,,,,,,,,,
Basse,Wulli West,Madina Koto,575,,,,,,,,,,,,,,,
Basse,Wulli West,Perai Mamadi (Bajonkoto),449,,,,,,,,,,,,,,,
Basse,Wulli West,Sare Ngai,1144,,,,,,,,,,,,,,,
Basse,Wulli West,Sutukonding,951,,,,,,,,,,,,,,,
Basse,Wulli West,Taibatou,767,,,,,,,,,,,,,,,
Basse,Wulli West,Tuba Wulli,730,,,,,,,,,,,,,,,
Brikama,Brikama North,Bafuloto Bantaba,1177,,,,,,,,,,,,,,,
Brikama,Brikama North,Bafuloto Nema Su,1344,,,,,,,,,,,,,,,
Brikama,Brikama North,Brikama Darukhairu Mosque,2466,,,,,,,,,,,,,,,
Brikama,Brikama North,Brikama Kabafita Mosque,2932,,,,,,,,,,,,,,,
Brikama,Brikama North,Brikama Misira Mosque,1875,,,,,,,,,,,,,,,
Brikama,Brikama North,Brikama Nema Geebungoto (Comm Dev.),1214,,,,,,,,,,,,,,,
Brikama,Brikama North,Brikama Nemataba Girl Guides Centre,1028,,,,,,,,,,,,,,,
Brikama,Brikama North,Brikama Nyambai Baba Galleh Mosque,2487,,,,,,,,,,,,,,,
Brikama,Brikama North,Brikama Nyambai College Market,2489,,,,,,,,,,,,,,,
Brikama,Brikama North,Brikama Nyambai Jambarr Sanneh (Methodist Sch Gate),1810,,,,,,,,,,,,,,,
Brikama,Brikama North,Brikama Wellingara Praying Grounds,2961,,,,,,,,,,,,,,,
Brikama,Brikama North,Busuranding Bantaba,608,,,,,,,,,,,,,,,
Brikama,Brikama North,Farato Bojang Kunda (Sotokoi Daru) Bantaba,2177,,,,,,,,,,,,,,,
Brikama,Brikama North,Jalambang Mosque,2763,,,,,,,,,,,,,,,
Brikama,Brikama North,Jamisa Bantaba,2069,,,,,,,,,,,,,,,
Brikama,Brikama North,Kassakunda Bantaba,851,,,,,,,,,,,,,,,
Brikama,Brikama North,Kembujeh Bantaba,2172,,,,,,,,,,,,,,,
Brikama,Brikama North,Kembujeh Medina Sch Ground,1227,,,,,,,,,,,,,,,
Brikama,Brikama North,Kubuneh Skill Centre,1310,,,,,,,,,,,,,,,
Brikama,Brikama North,New Town North (Mother Ali Nur. Sch.),887,,,,,,,,,,,,,,,
Brikama,Brikama North,Serekunda Nding Skill Centre,444,,,,,,,,,,,,,,,
Brikama,Brikama North,Taibatou Bantaba,464,,,,,,,,,,,,,,,
Brikama,Brikama South,Bakary Sambou Yaa Mosque,1438,,,,,,,,,,,,,,,
Brikama,Brikama South,Brikama  Perseverance Praying Ground,2272,,,,,,,,,,,,,,,
Brikama,Brikama South,Brikama Bojang Kunda Bantaba,529,,,,,,,,,,,,,,,
Brikama,Brikama South,Brikama Darsilameh (Near Alkalo'S Compound),1831,,,,,,,,,,,,,,,
Brikama,Brikama South,Brikama Gidda (School Area),3074,,,,,,,,,,,,,,,
Brikama,Brikama South,Brikama Gidda Bantaba,2713,,,,,,,,,,,,,,,
Brikama,Brikama South,Brikama Hawla Kunda (Kabilo Head Comp. Gate),825,,,,,,,,,,,,,,,
Brikama,Brikama South,Brikama Mansaringsu Bantaba,729,,,,,,,,,,,,,,,
Brikama,Brikama South,Brikama Medina Bantaba,1769,,,,,,,,,,,,,,,
Brikama,Brikama South,Brikama Newtown South Mosque,1743,,,,,,,,,,,,,,,
Brikama,Brikama South,Brikama Perseverance Bantaba,2216,,,,,,,,,,,,,,,
Brikama,Brikama South,Brikama Sanneh Kunda Bantaba,2065,,,,,,,,,,,,,,,
Brikama,Brikama South,Brikama Santuso Nursery Sch.,1310,,,,,,,,,,,,,,,
Brikama,Brikama South,Brikama Suma Kunda Bantaba,1324,,,,,,,,,,,,,,,
Brikama,Brikama South,Busura Clinic,1744,,,,,,,,,,,,,,,
Brikama,Brikama South,Darsilameh Health Centre,2064,,,,,,,,,,,,,,,
Brikama,Brikama South,Jamwelly Bantaba,1546,,,,,,,,,,,,,,,
Brikama,Brikama South,Kabakel Outside Sch,417,,,,,,,,,,,,,,,
Brikama,Brikama South,Kitty Bantaba,2597,,,,,,,,,,,,,,,
Brikama,Brikama South,Manduar Bantaba,2963,,,,,,,,,,,,,,,
Brikama,Brikama South,Marakissa Bantaba,1683,,,,,,,,,,,,,,,
Brikama,Brikama South,Penyem  Bantaba,868,,,,,,,,,,,,,,,
Brikama,Busumbala,Banjulunding Comm. Centre.,2430,,,,,,,,,,,,,,,
Brikama,Busumbala,Banjulunding Seed Store,2067,,,,,,,,,,,,,,,
Brikama,Busumbala,Busumbala Bantaba,5105,,,,,,,,,,,,,,,
Brikama,Busumbala,Busumbala Guigi Bantaba,2404,,,,,,,,,,,,,,,
Brikama,Busumbala,Busumbala Model Sukoto Bantaba,2982,,,,,,,,,,,,,,,
Brikama,Busumbala,Busumbala Tintinba Mosque,1887,,,,,,,,,,,,,,,
Brikama,Busumbala,Daranka Village Hall,2355,,,,,,,,,,,,,,,
Brikama,Busumbala,Daru Busumbala Bantaba,2192,,,,,,,,,,,,,,,
Brikama,Busumbala,Kombo Kerewan Bantaba,3586,,,,,,,,,,,,,,,
Brikama,Busumbala,Kubariko Bantaba,723,,,,,,,,,,,,,,,
Brikama,Busumbala,Kunkujang Jatta Yaa Bantaba,1024,,,,,,,,,,,,,,,
Brikama,Busumbala,Lamin Babylon Football Field,2316,,,,,,,,,,,,,,,
Brikama,Busumbala,Lamin Cambodia,1188,,,,,,,,,,,,,,,
Brikama,Busumbala,Lamin Gamtrade Training Centre (Opposite),2957,,,,,,,,,,,,,,,
Brikama,Busumbala,Lamin Health Centre,2480,,,,,,,,,,,,,,,
Brikama,Busumbala,Lamin Sda School,1032,,,,,,,,,,,,,,,
Brikama,Busumbala,Lamin St. Peter'S Pri Sch (Behind Petrol Station),3598,,,,,,,,,,,,,,,
Brikama,Busumbala,Makumbaya Garage,1544,,,,,,,,,,,,,,,
Brikama,Busumbala,Mandinary Dutokoto,3986,,,,,,,,,,,,,,,
Brikama,Busumbala,New Yundum Bantba,3017,,,,,,,,,,,,,,,
Brikama,Busumbala,New Yundum Pri Sch,2520,,,,,,,,,,,,,,,
Brikama,Busumbala,New Yundum Sadinka,823,,,,,,,,,,,,,,,
Brikama,Busumbala,Yaram Bamba Estate Mosque,1237,,,,,,,,,,,,,,,
Brikama,Foni Bintang,Arangalen Bantaba,395,,,,,,,,,,,,,,,
Brikama,Foni Bintang,Bajagarr Bantaba,532,,,,,,,,,,,,,,,
Brikama,Foni Bintang,Batabut Kantora,1015,,,,,,,,,,,,,,,
Brikama,Foni Bintang,Batending Kajera Bantaba,504,,,,,,,,,,,,,,,
Brikama,Foni Bintang,Bintang Bantaba,796,,,,,,,,,,,,,,,
Brikama,Foni Bintang,Bullanjorr Bantaba,375,,,,,,,,,,,,,,,
Brikama,Foni Bintang,Jakoi Sibirick,578,,,,,,,,,,,,,,,
Brikama,Foni Bintang,Janack Bantaba,1314,,,,,,,,,,,,,,,
Brikama,Foni Bintang,Kansanyi Ecd,472,,,,,,,,,,,,,,,
Brikama,Foni Bintang,Kusamai Bantaba,1481,,,,,,,,,,,,,,,
Brikama,Foni Bintang,Sibanor Bantaba,2558,,,,,,,,,,,,,,,
Brikama,Foni Bintang,Tampoto,949,,,,,,,,,,,,,,,
Brikama,Foni Bondali,Bantanjang Bantaba,278,,,,,,,,,,,,,,,
Brikama,Foni Bondali,Bondali Jola Chief'S Quarter,1448,,,,,,,,,,,,,,,
Brikama,Foni Bondali,Chabai Bantaba,307,,,,,,,,,,,,,,,
Brikama,Foni Bondali,Kankurang Bantaba,1440,,,,,,,,,,,,,,,
Brikama,Foni Bondali,Mayork Health Centre,1294,,,,,,,,,,,,,,,
Brikama,Foni Brefet,Bajana Bantaba,589,,,,,,,,,,,,,,,
Brikama,Foni Brefet,Bereft Bantaba,366,,,,,,,,,,,,,,,
Brikama,Foni Brefet,Bessi Ccf,912,,,,,,,,,,,,,,,
Brikama,Foni Brefet,Bulock Bantaba,2415,,,,,,,,,,,,,,,
Brikama,Foni Brefet,Ndemban Tenda Bantaba,1662,,,,,,,,,,,,,,,
Brikama,Foni Brefet,Somita Ccf,2227,,,,,,,,,,,,,,,
Brikama,Foni Brefet,Sutusinjang Day Care Centre,953,,,,,,,,,,,,,,,
Brikama,Foni Jarrol,Arankon Kunda Bantaba,583,,,,,,,,,,,,,,,
Brikama,Foni Jarrol,Kalagi Bantaba,1335,,,,,,,,,,,,,,,
Brikama,Foni Jarrol,Kanmamudou Ecd,1206,,,,,,,,,,,,,,,
Brikama,Foni Jarrol,Sintet Health Centre,1527,,,,,,,,,,,,,,,
Brikama,Foni Jarrol,Wassadou Bantaba,632,,,,,,,,,,,,,,,
Brikama,Foni Kansala,Bwiam Ccf,2193,,,,,,,,,,,,,,,
Brikama,Foni Kansala,Darsilameh Bantaba,441,,,,,,,,,,,,,,,
Brikama,Foni Kansala,Dobong Bantaba,690,,,,,,,,,,,,,,,
Brikama,Foni Kansala,Jekesi Dandoni Bantaba,556,,,,,,,,,,,,,,,
Brikama,Foni Kansala,Kampant Anglican Church,1385,,,,,,,,,,,,,,,
Brikama,Foni Kansala,Kanfendi Bantaba,883,,,,,,,,,,,,,,,
Brikama,Foni Kansala,Kanilai Pri. Sch.,2495,,,,,,,,,,,,,,,
Brikama,Foni Kansala,Sanghajorr Health Centre,925,,,,,,,,,,,,,,,
Brikama,Kombo East,Basori Bantaba,2378,,,,,,,,,,,,,,,
Brikama,Kombo East,Bonto Kuta Jalokoto Bantaba,671,,,,,,,,,,,,,,,
Brikama,Kombo East,Faraba Banta Banatba,2204,,,,,,,,,,,,,,,
Brikama,Kombo East,Faraba Sutu Ccf .,748,,,,,,,,,,,,,,,
Brikama,Kombo East,Giboro Kuta Bantaba,3086,,,,,,,,,,,,,,,
Brikama,Kombo East,Kafuta Bantaba,3040,,,,,,,,,,,,,,,
Brikama,Kombo East,Kairaba (Faraba Manokang) Bantaba,1534,,,,,,,,,,,,,,,
Brikama,Kombo East,Kuloro Bantaba,2573,,,,,,,,,,,,,,,
Brikama,Kombo East,Mandinaba Bantaba,1829,,,,,,,,,,,,,,,
Brikama,Kombo East,Medina Sokotoi Bantaba,1137,,,,,,,,,,,,,,,
Brikama,Kombo East,Omorto Skill Centre,425,,,,,,,,,,,,,,,
Brikama,Kombo East,Pirang Bantaba,1599,,,,,,,,,,,,,,,
Brikama,Kombo East,Pirang Berending Bantaba,1719,,,,,,,,,,,,,,,
Brikama,Kombo East,Pirang Berending Darusalam,666,,,,,,,,,,,,,,,
Brikama,Kombo East,Sohm Health Centre,979,,,,,,,,,,,,,,,
Brikama,Kombo East,Tuba Kuta Bantaba,1055,,,,,,,,,,,,,,,
Brikama,Kombo South,Banyaka Bantaba,1659,,,,,,,,,,,,,,,
Brikama,Kombo South,Batokunku ( Near Nursery Sch.),205,,,,,,,,,,,,,,,
Brikama,Kombo South,Batokunku Skill Centre (Near Mosque),1658,,,,,,,,,,,,,,,
Brikama,Kombo South,Berending Bantaba,1208,,,,,,,,,,,,,,,
Brikama,Kombo South,Farato (Sanchaba) Outside Alkalo'S Compound,929,,,,,,,,,,,,,,,
Brikama,Kombo South,Farato Mosque,3806,,,,,,,,,,,,,,,
Brikama,Kombo South,Farato Nema Mosque,2843,,,,,,,,,,,,,,,
Brikama,Kombo South,Farato New Town Mosque,1079,,,,,,,,,,,,,,,
Brikama,Kombo South,Gunjur (By The Pri Sch),4248,,,,,,,,,,,,,,,
Brikama,Kombo South,Gunjur Health Centre,6593,,,,,,,,,,,,,,,
Brikama,Kombo South,Gunjur Kunkujang Bantaba,1931,,,,,,,,,,,,,,,
Brikama,Kombo South,Jambanjelly Market,3839,,,,,,,,,,,,,,,
Brikama,Kombo South,Jambur Bantaba,3359,,,,,,,,,,,,,,,
Brikama,Kombo South,Kartong Health Centre,2548,,,,,,,,,,,,,,,
Brikama,Kombo South,Kunkujang Mariama Bantaba,1185,,,,,,,,,,,,,,,
Brikama,Kombo South,Medina Salam (Centre),1407,,,,,,,,,,,,,,,
Brikama,Kombo South,Nyofelleh Bantaba,1542,,,,,,,,,,,,,,,
Brikama,Kombo South,Rumba Bantaba,787,,,,,,,,,,,,,,,
Brikama,Kombo South,Sanyang Bantaba,6902,,,,,,,,,,,,,,,
Brikama,Kombo South,Siffoe Ccf,3326,,,,,,,,,,,,,,,
Brikama,Kombo South,Tanji B,3973,,,,,,,,,,,,,,,
Brikama,Kombo South,Tanji Comm. Centre,3137,,,,,,,,,,,,,,,
Brikama,Kombo South,Tujereng (Around Sen Sec Sch),1400,,,,,,,,,,,,,,,
Brikama,Kombo South,Tujereng Bantaba,2835,,,,,,,,,,,,,,,
Brikama,Old Yundum,Jabang Mosque,3637,,,,,,,,,,,,,,,
Brikama,Old Yundum,Kunkujang Keita Yaa  Central Mosque,4609,,,,,,,,,,,,,,,
Brikama,Old Yundum,Latriya Health Centre,1296,,,,,,,,,,,,,,,
Brikama,Old Yundum,Mariama Kunda Bantaba,2567,,,,,,,,,,,,,,,
Brikama,Old Yundum,Medina Baliya (Sinchu Baliya ) Mosque.,3552,,,,,,,,,,,,,,,
Brikama,Old Yundum,Medina Sey Kunda (Sinchu Alagi) 2,3627,,,,,,,,,,,,,,,
Brikama,Old Yundum,Medina Sey Kunda (Sinchu Alagi) Bantaba,4444,,,,,,,,,,,,,,,
Brikama,Old Yundum,Nema Nasir,1652,,,,,,,,,,,,,,,
Brikama,Old Yundum,Nemakunku,6766,,,,,,,,,,,,,,,
Brikama,Old Yundum,Old Yundum Bantaba,3795,,,,,,,,,,,,,,,
Brikama,Old Yundum,Sinchu Sorrie Nursery Sch.,3895,,,,,,,,,,,,,,,
Brikama,Old Yundum,Tawuto Bantaba,1663,,,,,,,,,,,,,,,
Brikama,Old Yundum,Wellingara  Red Cross Bantaba,2946,,,,,,,,,,,,,,,
Brikama,Old Yundum,Wellingara (Behind Jah Oil Petrol Station),4029,,,,,,,,,,,,,,,
Brikama,Old Yundum,Youna Bantaba,2028,,,,,,,,,,,,,,,
Brikama,Sanneh Mentereng,Kerr Serign (Hamdalaye) Central Mosque,2788,,,,,,,,,,,,,,,
Brikama,Sanneh Mentereng,Bijilo Bantaba,2642,,,,,,,,,,,,,,,
Brikama,Sanneh Mentereng,Brufut 2,4108,,,,,,,,,,,,,,,
Brikama,Sanneh Mentereng,Brufut Father'S Sch. (Dutabakoto),4651,,,,,,,,,,,,,,,
Brikama,Sanneh Mentereng,Brufut Pri. Sch.  (Behind Market),4231,,,,,,,,,,,,,,,
Brikama,Sanneh Mentereng,Brusubi Estate Phase Two 2,1331,,,,,,,,,,,,,,,
Brikama,Sanneh Mentereng,Brusubi Estate Sample House,2342,,,,,,,,,,,,,,,
Brikama,Sanneh Mentereng,Mediana Mosque,3174,,,,,,,,,,,,,,,
Brikama,Sanneh Mentereng,Salagi (Opp. Nawec Water Plant),1861,,,,,,,,,,,,,,,
Brikama,Sanneh Mentereng,Sanchaba Sulay Jobe (Outside Alkalo'S Comp.),2385,,,,,,,,,,,,,,,
Brikama,Sanneh Mentereng,Sanchaba Sulay Jobe (Skill Centre),1878,,,,,,,,,,,,,,,
Brikama,Sanneh Mentereng,Sukuta Arabic Sch.,3808,,,,,,,,,,,,,,,
Brikama,Sanneh Mentereng,Sukuta Cinema Hall,5337,,,,,,,,,,,,,,,
Brikama,Sanneh Mentereng,Sukuta Jamisa ( By The Metal Workshop),1495,,,,,,,,,,,,,,,
Brikama,Sanneh Mentereng,Sukuta Nema Bani Israel Mosque,2386,,,,,,,,,,,,,,,
Brikama,Sanneh Mentereng,Sukuta Sec Sch (Library),2350,,,,,,,,,,,,,,,
Brikama,Sanneh Mentereng,Sukuta Talaba Koto ( By The Central Mosque),2215,,,,,,,,,,,,,,,
Brikama,Sanneh Mentereng,Sukuta Tumbungto Bantaba,388,,,,,,,,,,,,,,,
Brikama,Sanneh Mentereng,Tranquil Mosque,1548,,,,,,,,,,,,,,,
Brikama,Sanneh Mentereng,Wuling Kama Opp. Alkalo'S Comp.,2346,,,,,,,,,,,,,,,
Janjanbureh,Janjanbureh,Janjanbureh (Mccarhty),1600,,,,,,,,,,,,,,,
Janjanbureh,Lower Fulladu West,Boyram Denton,1287,,,,,,,,,,,,,,,
Janjanbureh,Lower Fulladu West,Brikamaba,1947,,,,,,,,,,,,,,,
Janjanbureh,Lower Fulladu West,Brikmanding,799,,,,,,,,,,,,,,,
Janjanbureh,Lower Fulladu West,Dasilameh,1610,,,,,,,,,,,,,,,
Janjanbureh,Lower Fulladu West,Faraba,860,,,,,,,,,,,,,,,
Janjanbureh,Lower Fulladu West,Fass Abdou,1229,,,,,,,,,,,,,,,
Janjanbureh,Lower Fulladu West,Fulabantang,1640,,,,,,,,,,,,,,,
Janjanbureh,Lower Fulladu West,Gidda,974,,,,,,,,,,,,,,,
Janjanbureh,Lower Fulladu West,Jahally,1280,,,,,,,,,,,,,,,
Janjanbureh,Lower Fulladu West,Kerewan Fula (Kerewan Samba Sira),1171,,,,,,,,,,,,,,,
Janjanbureh,Lower Fulladu West,Kerewan Mandinka,445,,,,,,,,,,,,,,,
Janjanbureh,Lower Fulladu West,Madina Mfally,1515,,,,,,,,,,,,,,,
Janjanbureh,Lower Fulladu West,Misera Joben,1218,,,,,,,,,,,,,,,
Janjanbureh,Lower Fulladu West,Patcharr,714,,,,,,,,,,,,,,,
Janjanbureh,Lower Fulladu West,Sankulay Kunda,292,,,,,,,,,,,,,,,
Janjanbureh,Lower Fulladu West,Sare Malang,782,,,,,,,,,,,,,,,
Janjanbureh,Lower Fulladu West,Sare Ngai-Tabanding Ngai,723,,,,,,,,,,,,,,,
Janjanbureh,Lower Fulladu West,Saruja,1063,,,,,,,,,,,,,,,
Janjanbureh,Lower Fulladu West,Taifa Chendou (Taifa Saikou),842,,,,,,,,,,,,,,,
Janjanbureh,Lower Saloum,Ballanghar Jalato,689,,,,,,,,,,,,,,,
Janjanbureh,Lower Saloum,Ballanghar Kerr Layin.,818,,,,,,,,,,,,,,,
Janjanbureh,Lower Saloum,Ballanghar.Kerr Nderri,1036,,,,,,,,,,,,,,,
Janjanbureh,Lower Saloum,Gengi Wollof,860,,,,,,,,,,,,,,,
Janjanbureh,Lower Saloum,Jahour Mandinka,520,,,,,,,,,,,,,,,
Janjanbureh,Lower Saloum,Jimbala Felungo,1028,,,,,,,,,,,,,,,
Janjanbureh,Lower Saloum,Kaur Janneh Kunda,889,,,,,,,,,,,,,,,
Janjanbureh,Lower Saloum,Kaur Wharf Town,2229,,,,,,,,,,,,,,,
Janjanbureh,Lower Saloum,Simbara Khai,723,,,,,,,,,,,,,,,
Janjanbureh,Niamina Dankunku,Baro Kunda,923,,,,,,,,,,,,,,,
Janjanbureh,Niamina Dankunku,Dankunku Mandinka,896,,,,,,,,,,,,,,,
Janjanbureh,Niamina Dankunku,Jessadi,645,,,,,,,,,,,,,,,
Janjanbureh,Niamina Dankunku,Touba Wollof (Sambang Wollof),167,,,,,,,,,,,,,,,
Janjanbureh,Niamina Dankunku,Welingara Elo (Niani Kunda),324,,,,,,,,,,,,,,,
Janjanbureh,Niamina Dankunku,Wellingara Yoro Bah (Kerr Layin),829,,,,,,,,,,,,,,,
Janjanbureh,Niamina East,Bantanto,494,,,,,,,,,,,,,,,
Janjanbureh,Niamina East,Batti Njol,890,,,,,,,,,,,,,,,
Janjanbureh,Niamina East,Jareng,1384,,,,,,,,,,,,,,,
Janjanbureh,Niamina East,Jockul,529,,,,,,,,,,,,,,,
Janjanbureh,Niamina East,Kaolong,436,,,,,,,,,,,,,,,
Janjanbureh,Niamina East,Kudang,1804,,,,,,,,,,,,,,,
Janjanbureh,Niamina East,Maka Mbayen,1214,,,,,,,,,,,,,,,
Janjanbureh,Niamina East,Mamud Fana,1068,,,,,,,,,,,,,,,
Janjanbureh,Niamina East,Mbayen,466,,,,,,,,,,,,,,,
Janjanbureh,Niamina East,Pakala Kerr Biram,575,,,,,,,,,,,,,,,
Janjanbureh,Niamina East,Pateh Sarm,1253,,,,,,,,,,,,,,,
Janjanbureh,Niamina East,Sambel Kunda,1033,,,,,,,,,,,,,,,
Janjanbureh,Niamina East,Sinchu Gundo,1138,,,,,,,,,,,,,,,
Janjanbureh,Niamina East,Sotokoi,897,,,,,,,,,,,,,,,
Janjanbureh,Niamina West,Catamina,993,,,,,,,,,,,,,,,
Janjanbureh,Niamina West,Choya,342,,,,,,,,,,,,,,,
Janjanbureh,Niamina West,Dalaba,645,,,,,,,,,,,,,,,
Janjanbureh,Niamina West,Madina Ma Ancha (Kerr Malima),918,,,,,,,,,,,,,,,
Janjanbureh,Niamina West,Nana,416,,,,,,,,,,,,,,,
Janjanbureh,Niamina West,Pappa,719,,,,,,,,,,,,,,,
Janjanbureh,Niamina West,Sambang Fula Kunda,1052,,,,,,,,,,,,,,,
Janjanbureh,Niani,Dingirai,926,,,,,,,,,,,,,,,
Janjanbureh,Niani,Gingory Mustapha,801,,,,,,,,,,,,,,,
Janjanbureh,Niani,Jakaba,932,,,,,,,,,,,,,,,
Janjanbureh,Niani,Jockul Ndowen (Nodwen Angalleh),1112,,,,,,,,,,,,,,,
Janjanbureh,Niani,Kass Wollof,1277,,,,,,,,,,,,,,,
Janjanbureh,Niani,Kataba Alh. Omar,1077,,,,,,,,,,,,,,,
Janjanbureh,Niani,Kayai,553,,,,,,,,,,,,,,,
Janjanbureh,Niani,Kuntaur Wharf Town,508,,,,,,,,,,,,,,,
Janjanbureh,Niani,Mbayen Wollof,766,,,,,,,,,,,,,,,
Janjanbureh,Niani,Nyanga Bantang,1701,,,,,,,,,,,,,,,
Janjanbureh,Niani,Safalu,310,,,,,,,,,,,,,,,
Janjanbureh,Niani,Sait Maram,1199,,,,,,,,,,,,,,,
Janjanbureh,Niani,Sukuta,1071,,,,,,,,,,,,,,,
Janjanbureh,Niani,Wassu,1904,,,,,,,,,,,,,,,
Janjanbureh,Nianija,Bakadagi,579,,,,,,,,,,,,,,,
Janjanbureh,Nianija,Buduck,1291,,,,,,,,,,,,,,,
Janjanbureh,Nianija,Chamen,1895,,,,,,,,,,,,,,,
Janjanbureh,Nianija,Kerr Jebel,531,,,,,,,,,,,,,,,
Janjanbureh,Nianija,Palaeili,734,,,,,,,,,,,,,,,
Janjanbureh,Sami,Banni,331,,,,,,,,,,,,,,,
Janjanbureh,Sami,Baya Ba (Baya Edi Bah),969,,,,,,,,,,,,,,,
Janjanbureh,Sami,Changai Wollof,1505,,,,,,,,,,,,,,,
Janjanbureh,Sami,Dobo,994,,,,,,,,,,,,,,,
Janjanbureh,Sami,Jamali Ganyado,736,,,,,,,,,,,,,,,
Janjanbureh,Sami,Jarumeh Koto,965,,,,,,,,,,,,,,,
Janjanbureh,Sami,Karantaba,916,,,,,,,,,,,,,,,
Janjanbureh,Sami,Kibiri,458,,,,,,,,,,,,,,,
Janjanbureh,Sami,Kunting,923,,,,,,,,,,,,,,,
Janjanbureh,Sami,Lamin Koto,494,,,,,,,,,,,,,,,
Janjanbureh,Sami,Ranerou Samba Ngai,694,,,,,,,,,,,,,,,
Janjanbureh,Sami,Sami Medina,1217,,,,,,,,,,,,,,,
Janjanbureh,Sami,Sami Njalal Samba (Toro),408,,,,,,,,,,,,,,,
Janjanbureh,Sami,Sami Pachonki,1347,,,,,,,,,,,,,,,
Janjanbureh,Sami,Tabanani,608,,,,,,,,,,,,,,,
Janjanbureh,Sami,Tandi  Mandinka,637,,,,,,,,,,,,,,,
Janjanbureh,Sami,Yorna Musa,435,,,,,,,,,,,,,,,
Janjanbureh,Upper Fulladu West,Bansang  A,2417,,,,,,,,,,,,,,,
Janjanbureh,Upper Fulladu West,Bansang B,1745,,,,,,,,,,,,,,,
Janjanbureh,Upper Fulladu West,Bantanto,1302,,,,,,,,,,,,,,,
Janjanbureh,Upper Fulladu West,Boraba,538,,,,,,,,,,,,,,,
Janjanbureh,Upper Fulladu West,Cha Kunda Madina,659,,,,,,,,,,,,,,,
Janjanbureh,Upper Fulladu West,Chargel,763,,,,,,,,,,,,,,,
Janjanbureh,Upper Fulladu West,Daru,1136,,,,,,,,,,,,,,,
Janjanbureh,Upper Fulladu West,Dobang Kunda.Kebba,1305,,,,,,,,,,,,,,,
Janjanbureh,Upper Fulladu West,Fass Belal,1346,,,,,,,,,,,,,,,
Janjanbureh,Upper Fulladu West,Fugga,772,,,,,,,,,,,,,,,
Janjanbureh,Upper Fulladu West,Galleh Manda,1588,,,,,,,,,,,,,,,
Janjanbureh,Upper Fulladu West,Lala Gui (Sare Chewto),761,,,,,,,,,,,,,,,
Janjanbureh,Upper Fulladu West,Librass,549,,,,,,,,,,,,,,,
Janjanbureh,Upper Fulladu West,Medina Tunjang,744,,,,,,,,,,,,,,,
Janjanbureh,Upper Fulladu West,Ndikiri Kunda,532,,,,,,,,,,,,,,,
Janjanbureh,Upper Fulladu West,Ngayen (Kerr Njaga),626,,,,,,,,,,,,,,,
Janjanbureh,Upper Fulladu West,Pateh Gai (Kerr Pateh Gai),175,,,,,,,,,,,,,,,
Janjanbureh,Upper Fulladu West,Sam Pateh (Jahanka),1149,,,,,,,,,,,,,,,
Janjanbureh,Upper Fulladu West,Santanto Bubu,923,,,,,,,,,,,,,,,
Janjanbureh,Upper Fulladu West,Sare Pateh Jawo,1359,,,,,,,,,,,,,,,
Janjanbureh,Upper Fulladu West,Sare Silleri,828,,,,,,,,,,,,,,,
Janjanbureh,Upper Fulladu West,Sare Sofie,818,,,,,,,,,,,,,,,
Janjanbureh,Upper Fulladu West,Sololo Mandinka,766,,,,,,,,,,,,,,,
Janjanbureh,Upper Fulladu West,Tandi,393,,,,,,,,,,,,,,,
Janjanbureh,Upper Fulladu West,Tuba Ousman (Kerr Ousman Boye),562,,,,,,,,,,,,,,,
Janjanbureh,Upper Fulladu West,Wellingara Demba Kandeh,385,,,,,,,,,,,,,,,
Janjanbureh,Upper Fulladu West,Yoro Beri Kunda Mandinka,560,,,,,,,,,,,,,,,
Janjanbureh,Upper Saloum,Bantanto Ebrima Kah (Kerr Sulay),656,,,,,,,,,,,,,,,
Janjanbureh,Upper Saloum,Bantanto Kerr Laye,526,,,,,,,,,,,,,,,
Janjanbureh,Upper Saloum,Batti Ndarr,1417,,,,,,,,,,,,,,,
Janjanbureh,Upper Saloum,Fass,1172,,,,,,,,,,,,,,,
Janjanbureh,Upper Saloum,Jareng Madi Jama (Jareng Modou Warr),1256,,,,,,,,,,,,,,,
Janjanbureh,Upper Saloum,Kerr Auldi,841,,,,,,,,,,,,,,,
Janjanbureh,Upper Saloum,Njau,555,,,,,,,,,,,,,,,
Janjanbureh,Upper Saloum,Noiro Tukulor,1275,,,,,,,,,,,,,,,
Janjanbureh,Upper Saloum,Panchang,1570,,,,,,,,,,,,,,,
Kanifing,Bakau,Bakau Community Centre,1381,,,,,,,,,,,,,,,
Kanifing,Bakau,Bakau Farokono,939,,,,,,,,,,,,,,,
Kanifing,Bakau,Bakau Lower Basic Sch,428,,,,,,,,,,,,,,,
Kanifing,Bakau,Bakau Ubs (Independence Stadium),2102,,,,,,,,,,,,,,,
Kanifing,Bakau,Cape Point,1219,,,,,,,,,,,,,,,
Kanifing,Bakau,Fajara (Around Sabena Junction),1328,,,,,,,,,,,,,,,
Kanifing,Bakau,Fajara Hotel,529,,,,,,,,,,,,,,,
Kanifing,Bakau,Kachikally Cinema,1070,,,,,,,,,,,,,,,
Kanifing,Bakau,Mama Koto Road,1728,,,,,,,,,,,,,,,
Kanifing,Bakau,New Town Lower Basic Sch.,1659,,,,,,,,,,,,,,,
Kanifing,Bakau,Old Bakau Bantaba,481,,,,,,,,,,,,,,,
Kanifing,Bakau,Wasulunkunda Bantang Koto,1005,,,,,,,,,,,,,,,
Kanifing,Bundungka Kunda,Aren Babun Fatty,1378,,,,,,,,,,,,,,,
Kanifing,Bundungka Kunda,Bundung Bantaba  Street,723,,,,,,,,,,,,,,,
Kanifing,Bundungka Kunda,Bundung Borehole,3060,,,,,,,,,,,,,,,
Kanifing,Bundungka Kunda,Bundung Farokono (Third Hall),814,,,,,,,,,,,,,,,
Kanifing,Bundungka Kunda,Bundung Lower Basic Sch,1947,,,,,,,,,,,,,,,
Kanifing,Bundungka Kunda,Bundung Mosque,3007,,,,,,,,,,,,,,,
Kanifing,Bundungka Kunda,Bundung Six Junction,3173,,,,,,,,,,,,,,,
Kanifing,Bundungka Kunda,Bundung White House,1808,,,,,,,,,,,,,,,
Kanifing,Bundungka Kunda,Mauritania School,2712,,,,,,,,,,,,,,,
Kanifing,Bundungka Kunda,Medina Fass Mosque,1671,,,,,,,,,,,,,,,
Kanifing,Bundungka Kunda,Nusrat Sen. Sec Sch.,1517,,,,,,,,,,,,,,,
Kanifing,Bundungka Kunda,Serekunda East Mini Studium,1930,,,,,,,,,,,,,,,
Kanifing,Jeshwang,Abc Schools,357,,,,,,,,,,,,,,,
Kanifing,Jeshwang,Ebo Town Badala,1349,,,,,,,,,,,,,,,
Kanifing,Jeshwang,Ebo Town Big Tree,1338,,,,,,,,,,,,,,,
Kanifing,Jeshwang,Ebo Town Mosque,2464,,,,,,,,,,,,,,,
Kanifing,Jeshwang,Ebo Town Sanchaba,2502,,,,,,,,,,,,,,,
Kanifing,Jeshwang,Kanifing Estate Comm. Centre,2026,,,,,,,,,,,,,,,
Kanifing,Jeshwang,Kanifing Layout,901,,,,,,,,,,,,,,,
Kanifing,Jeshwang,Kanifing South Mosque,1911,,,,,,,,,,,,,,,
Kanifing,Jeshwang,Kussabia Mosque,1112,,,,,,,,,,,,,,,
Kanifing,Jeshwang,Latrikunda Lower Basic Sch.,465,,,,,,,,,,,,,,,
Kanifing,Jeshwang,New Jeshwang  (Cotton Street),1755,,,,,,,,,,,,,,,
Kanifing,Jeshwang,New Jeshwang (Kandiba) Lower Basic Sch.,2058,,,,,,,,,,,,,,,
Kanifing,Jeshwang,New Jeshwang Bantaba,2112,,,,,,,,,,,,,,,
Kanifing,Jeshwang,New Jeshwang Mosque,1559,,,,,,,,,,,,,,,
Kanifing,Jeshwang,Nuru Arabic Sch (Sankung Sillah),399,,,,,,,,,,,,,,,
Kanifing,Jeshwang,Old Jeshwang (Living Children Academy),903,,,,,,,,,,,,,,,
Kanifing,Jeshwang,Old Jeshwang Jalatali (Black School Arabic),703,,,,,,,,,,,,,,,
Kanifing,Jeshwang,Old Jeshwang Lower Basic Sch,2524,,,,,,,,,,,,,,,
Kanifing,Jeshwang,Serekunda Post Office,512,,,,,,,,,,,,,,,
Kanifing,Latrikunda Sabiji,Abuko Health Centre,266,,,,,,,,,,,,,,,
Kanifing,Latrikunda Sabiji,Abuko Upper Basic Sch.,4303,,,,,,,,,,,,,,,
Kanifing,Latrikunda Sabiji,Abuko Vet Camp,4820,,,,,,,,,,,,,,,
Kanifing,Latrikunda Sabiji,Faji Kunda Bantaba,3749,,,,,,,,,,,,,,,
Kanifing,Latrikunda Sabiji,Faji Kunda Community Centre,1272,,,,,,,,,,,,,,,
Kanifing,Latrikunda Sabiji,Fajikunda Bajonkoto (Abdullah Bun Saud Arabic Sch),2626,,,,,,,,,,,,,,,
Kanifing,Latrikunda Sabiji,Fajikunda Mosque,1802,,,,,,,,,,,,,,,
Kanifing,Latrikunda Sabiji,Latrikunda Piccadilly,2969,,,,,,,,,,,,,,,
Kanifing,Latrikunda Sabiji,Latrikunda Sabiji Castle Petrol Station,2699,,,,,,,,,,,,,,,
Kanifing,Latrikunda Sabiji,Latrikunda Sabijie Lower Basic Sch.,3658,,,,,,,,,,,,,,,
Kanifing,Latrikunda Sabiji,Latrikunda Sabijie Mosque (For Fajikunda),2076,,,,,,,,,,,,,,,
Kanifing,Latrikunda Sabiji,Latrikunda Sabijii Behind Market,2097,,,,,,,,,,,,,,,
Kanifing,Latrikunda Sabiji,Rex Nursery Sch.,2477,,,,,,,,,,,,,,,
Kanifing,Latrikunda Sabiji,St. Charles Lwanga Lbs,2037,,,,,,,,,,,,,,,
Kanifing,Serekunda,Christian Mission Church London,945,,,,,,,,,,,,,,,
Kanifing,Serekunda,Jangjang Road,1997,,,,,,,,,,,,,,,
Kanifing,Serekunda,Marche Ngelew,3943,,,,,,,,,,,,,,,
Kanifing,Serekunda,Plaza Cinema,2885,,,,,,,,,,,,,,,
Kanifing,Serekunda,Serekunda  (Gadafi Mosque),701,,,,,,,,,,,,,,,
Kanifing,Serekunda,Serekunda Bartez (Christ Church),1371,,,,,,,,,,,,,,,
Kanifing,Serekunda,Serekunda Lower Basic Sch.,2127,,,,,,,,,,,,,,,
Kanifing,Serekunda West,Aisa Marie Cinema,613,,,,,,,,,,,,,,,
Kanifing,Serekunda West,Aren Betty Khan (Divine Prep. Sch.),472,,,,,,,,,,,,,,,
Kanifing,Serekunda West,Bakoteh Bantaba,3251,,,,,,,,,,,,,,,
Kanifing,Serekunda West,Bakoteh Borehole,2023,,,,,,,,,,,,,,,
Kanifing,Serekunda West,Bakoteh Layout,2460,,,,,,,,,,,,,,,
Kanifing,Serekunda West,Bakoteh Lower Basic Sch.,1907,,,,,,,,,,,,,,,
Kanifing,Serekunda West,Cider Club,798,,,,,,,,,,,,,,,
Kanifing,Serekunda West,Dippa Kunda Chupe Town .,2452,,,,,,,,,,,,,,,
Kanifing,Serekunda West,Dippa Kunda Mosque,2707,,,,,,,,,,,,,,,
Kanifing,Serekunda West,Erenjang Nurs. Sch,355,,,,,,,,,,,,,,,
Kanifing,Serekunda West,Former Senegambia Garage,1575,,,,,,,,,,,,,,,
Kanifing,Serekunda West,Kololi (Johaness ),1026,,,,,,,,,,,,,,,
Kanifing,Serekunda West,Kololi Mosque,3421,,,,,,,,,,,,,,,
Kanifing,Serekunda West,Kotu Community Centre,870,,,,,,,,,,,,,,,
Kanifing,Serekunda West,Kotu Layout (Football Field),1716,,,,,,,,,,,,,,,
Kanifing,Serekunda West,Kotu Power Station (Masjid Sara Maco5),794,,,,,,,,,,,,,,,
Kanifing,Serekunda West,Kotu Quarry,2699,,,,,,,,,,,,,,,
Kanifing,Serekunda West,Latrikunda Upper Basic Sch .,750,,,,,,,,,,,,,,,
Kanifing,Serekunda West,Latrikunda Yiringanya  Opp. Mb Sarr,1198,,,,,,,,,,,,,,,
Kanifing,Serekunda West,Latrikunda Yiringanya Mosque,2887,,,,,,,,,,,,,,,
Kanifing,Serekunda West,Manjai Kunda Gidda,1514,,,,,,,,,,,,,,,
Kanifing,Serekunda West,Manjai Kunda Market,3296,,,,,,,,,,,,,,,
Kanifing,Serekunda West,Manjai Sanchaba (Leader'S Lbs),772,,,,,,,,,,,,,,,
Kanifing,Serekunda West,Pipeline Mosque,2176,,,,,,,,,,,,,,,
Kanifing,Serekunda West,Serekunda West Mini Stadium,2655,,,,,,,,,,,,,,,
Kanifing,Tallinding Kunjang,Buffer Zone,3267,,,,,,,,,,,,,,,
Kanifing,Tallinding Kunjang,J.T.T. Nur Sch (North),2116,,,,,,,,,,,,,,,
Kanifing,Tallinding Kunjang,J.T.T. Nur Sch (South),1490,,,,,,,,,,,,,,,
Kanifing,Tallinding Kunjang,Jilfit Kunda (Kairaba Nur. Sch),1742,,,,,,,,,,,,,,,
Kanifing,Tallinding Kunjang,Tallinding Bantaba,3332,,,,,,,,,,,,,,,
Kanifing,Tallinding Kunjang,Tallinding Dutokoto,2488,,,,,,,,,,,,,,,
Kanifing,Tallinding Kunjang,Tallinding Islamic Institute,1038,,,,,,,,,,,,,,,
Kanifing,Tallinding Kunjang,Tallinding Lower Basic Sch.,2439,,,,,,,,,,,,,,,
Kanifing,Tallinding Kunjang,Tallinding Medina,2122,,,,,,,,,,,,,,,
Kerewan,Central Baddibu,Daru Rilwan Health Post,1251,,,,,,,,,,,,,,,
Kerewan,Central Baddibu,Kerr Katim Wollof Bantaba,641,,,,,,,,,,,,,,,
Kerewan,Central Baddibu,Kerr Pateh Kore Seed Store,1201,,,,,,,,,,,,,,,
Kerewan,Central Baddibu,Kinteh Kunda Marong  Kunda Bantaba,489,,,,,,,,,,,,,,,
Kerewan,Central Baddibu,Mandory  Health Post,425,,,,,,,,,,,,,,,
Kerewan,Central Baddibu,Minteh Kunda Bantaba,451,,,,,,,,,,,,,,,
Kerewan,Central Baddibu,Nawlaru Bantaba,1171,,,,,,,,,,,,,,,
Kerewan,Central Baddibu,Njaba Kunda Bantaba,1328,,,,,,,,,,,,,,,
Kerewan,Central Baddibu,Salikenne Market,2209,,,,,,,,,,,,,,,
Kerewan,Central Baddibu,Wellingara Bantaba,309,,,,,,,,,,,,,,,
Kerewan,Illiassa,Alkali Kunda,415,,,,,,,,,,,,,,,
Kerewan,Illiassa,Ballingho Health Centre,141,,,,,,,,,,,,,,,
Kerewan,Illiassa,Chamen Bantaba,276,,,,,,,,,,,,,,,
Kerewan,Illiassa,Conteh Kunda Niji Bantaba,516,,,,,,,,,,,,,,,
Kerewan,Illiassa,Conteh Kunda Sukoto Bantaba,336,,,,,,,,,,,,,,,
Kerewan,Illiassa,Dutu Bulu Bantaba,218,,,,,,,,,,,,,,,
Kerewan,Illiassa,Farafeni Mauritanie. Pri. Sch,3454,,,,,,,,,,,,,,,
Kerewan,Illiassa,Farafeni Pri Sch,4548,,,,,,,,,,,,,,,
Kerewan,Illiassa,Farafenni Library,2716,,,,,,,,,,,,,,,
Kerewan,Illiassa,Farafenni Sen Sec Sch,229,,,,,,,,,,,,,,,
Kerewan,Illiassa,Farafenni Wharf Town,509,,,,,,,,,,,,,,,
Kerewan,Illiassa,Illiassa Bantaba,848,,,,,,,,,,,,,,,
Kerewan,Illiassa,Jajari Bantaba,283,,,,,,,,,,,,,,,
Kerewan,Illiassa,Jerico Wollof Bantaba,609,,,,,,,,,,,,,,,
Kerewan,Illiassa,Jigimar Bantaba,963,,,,,,,,,,,,,,,
Kerewan,Illiassa,Jumansariba Health Centre,393,,,,,,,,,,,,,,,
Kerewan,Illiassa,Katchang Bantaba,887,,,,,,,,,,,,,,,
Kerewan,Illiassa,Kekuta Kunda Bantaba,495,,,,,,,,,,,,,,,
Kerewan,Illiassa,Kerr Ali Bantaba,799,,,,,,,,,,,,,,,
Kerewan,Illiassa,Kubandar Bantaba,292,,,,,,,,,,,,,,,
Kerewan,Illiassa,Maka Farafenni Bantaba,971,,,,,,,,,,,,,,,
Kerewan,Illiassa,Noo Kunda Bantaba,1183,,,,,,,,,,,,,,,
Kerewan,Illiassa,Nyeribaya Bantaba,439,,,,,,,,,,,,,,,
Kerewan,Illiassa,Yallal Tankonjala Bantaba,516,,,,,,,,,,,,,,,
Kerewan,Illiassa,Youna Bantaba,412,,,,,,,,,,,,,,,
Kerewan,Jokadou,Bali Mandinka School,863,,,,,,,,,,,,,,,
Kerewan,Jokadou,Darusalam (Kerr Matar Sarr) Bantaba,623,,,,,,,,,,,,,,,
Kerewan,Jokadou,Dasilameh Bantaba,919,,,,,,,,,,,,,,,
Kerewan,Jokadou,Gissa (Kerr Amadou Fayel.) Bantaba,820,,,,,,,,,,,,,,,
Kerewan,Jokadou,Karantaba Health Centre,459,,,,,,,,,,,,,,,
Kerewan,Jokadou,Kerr Jarga Jobe Health Centre,706,,,,,,,,,,,,,,,
Kerewan,Jokadou,Kerr Majaw (Chessay) Bantaba,953,,,,,,,,,,,,,,,
Kerewan,Jokadou,Kerr Omar Saine Bantaba,592,,,,,,,,,,,,,,,
Kerewan,Jokadou,Kerr Selleh  Health Centre,723,,,,,,,,,,,,,,,
Kerewan,Jokadou,Kuntaya Bantaba,1145,,,,,,,,,,,,,,,
Kerewan,Jokadou,Madina Modum (Bantndingwollof) Bantaba,1263,,,,,,,,,,,,,,,
Kerewan,Jokadou,Munyagen Health Centre,964,,,,,,,,,,,,,,,
Kerewan,Jokadou,Passy Ngayen (Kerr Alagie Malick) Bantaba,461,,,,,,,,,,,,,,,
Kerewan,Jokadou,Tambana Old Visaca Bank,513,,,,,,,,,,,,,,,
Kerewan,Jokadou,Toro Alasan Bantaba,353,,,,,,,,,,,,,,,
Kerewan,Lower Baddibu,Banni Bantaba,633,,,,,,,,,,,,,,,
Kerewan,Lower Baddibu,Gunjur Bantaba,614,,,,,,,,,,,,,,,
Kerewan,Lower Baddibu,Kerewan Old Market,2261,,,,,,,,,,,,,,,
Kerewan,Lower Baddibu,Kerr Ardo Bantaba,790,,,,,,,,,,,,,,,
Kerewan,Lower Baddibu,Kinteh Kunda Janneh Yaa Bantaba,523,,,,,,,,,,,,,,,
Kerewan,Lower Baddibu,Mbamori Kunda Health Centre,1014,,,,,,,,,,,,,,,
Kerewan,Lower Baddibu,Njawara Bantaba,549,,,,,,,,,,,,,,,
Kerewan,Lower Baddibu,Saaba Bantaba,1157,,,,,,,,,,,,,,,
Kerewan,Lower Baddibu,Suwareh Kunda Bantaba,755,,,,,,,,,,,,,,,
Kerewan,Lower Baddibu,Toroba Bantaba,621,,,,,,,,,,,,,,,
Kerewan,Lower Nuimi,Bakindick Mandinka Bantaba,809,,,,,,,,,,,,,,,
Kerewan,Lower Nuimi,Barra  Bantaba ( Near Alkalo'S Comp),2718,,,,,,,,,,,,,,,
Kerewan,Lower Nuimi,Berending Skill Centre,963,,,,,,,,,,,,,,,
Kerewan,Lower Nuimi,Buniadu Health Centre,620,,,,,,,,,,,,,,,
Kerewan,Lower Nuimi,Chamen Bantaba,570,,,,,,,,,,,,,,,
Kerewan,Lower Nuimi,Essau  A Old Vet,2692,,,,,,,,,,,,,,,
Kerewan,Lower Nuimi,Essau B Sen Sec Sch,629,,,,,,,,,,,,,,,
Kerewan,Lower Nuimi,Fass Njaga Choi Video Hall,1638,,,,,,,,,,,,,,,
Kerewan,Lower Nuimi,Hamdalai Mosque,1187,,,,,,,,,,,,,,,
Kerewan,Lower Nuimi,Jagleh (Kerr Wally) Bantaba,491,,,,,,,,,,,,,,,
Kerewan,Lower Nuimi,Jinack Kajata Banatba,670,,,,,,,,,,,,,,,
Kerewan,Lower Nuimi,Kanuma Youth Centre,936,,,,,,,,,,,,,,,
Kerewan,Lower Nuimi,Kerr Jatta Bantaba,703,,,,,,,,,,,,,,,
Kerewan,Lower Nuimi,Kerr Malick Sarr Bantaba,454,,,,,,,,,,,,,,,
Kerewan,Lower Nuimi,Madina Kanuma Bantaba,806,,,,,,,,,,,,,,,
Kerewan,Lower Nuimi,Maka Bala Manneh Bantaba,772,,,,,,,,,,,,,,,
Kerewan,Lower Nuimi,Mbollet Ba Bantaba,1330,,,,,,,,,,,,,,,
Kerewan,Lower Nuimi,Medina Manneh Bantaba,315,,,,,,,,,,,,,,,
Kerewan,Lower Nuimi,Medina Sering Mass Bantaba At New Mosque,2041,,,,,,,,,,,,,,,
Kerewan,Lower Nuimi,Misiranding Bantaba,837,,,,,,,,,,,,,,,
Kerewan,Lower Nuimi,Ndofan First Aid Centre,555,,,,,,,,,,,,,,,
Kerewan,Lower Nuimi,Ndungu Charen Bantaba,663,,,,,,,,,,,,,,,
Kerewan,Lower Nuimi,Ndungu Kebbeh Bantaba,1996,,,,,,,,,,,,,,,
Kerewan,Lower Nuimi,Njongon Bantaba,1001,,,,,,,,,,,,,,,
Kerewan,Lower Nuimi,Samba Kalla Health Centre,616,,,,,,,,,,,,,,,
Kerewan,Lower Nuimi,Samba Njabeh Bantaba,522,,,,,,,,,,,,,,,
Kerewan,Lower Nuimi,Sami Sotokoi (Sami Essau) Bantaba,530,,,,,,,,,,,,,,,
Kerewan,Lower Nuimi,Sare Bohoum (Kerr Omar Jawara ) Bantaba,362,,,,,,,,,,,,,,,
Kerewan,Lower Nuimi,Tuba Angalleh Bantaba,719,,,,,,,,,,,,,,,
Kerewan,Sabach Sanjal,Bambali Bantaba,544,,,,,,,,,,,,,,,
Kerewan,Sabach Sanjal,Bassic Bantaba,305,,,,,,,,,,,,,,,
Kerewan,Sabach Sanjal,Daffa Bantaba,341,,,,,,,,,,,,,,,
Kerewan,Sabach Sanjal,Dibba Kunda Wollof Bantaba,1028,,,,,,,,,,,,,,,
Kerewan,Sabach Sanjal,Kani Kunda Bantaba,555,,,,,,,,,,,,,,,
Kerewan,Sabach Sanjal,Kataba Mandinka Health Centre,674,,,,,,,,,,,,,,,
Kerewan,Sabach Sanjal,Kumbija Arabic Sch,367,,,,,,,,,,,,,,,
Kerewan,Sabach Sanjal,Kunjata Bantaba,184,,,,,,,,,,,,,,,
Kerewan,Sabach Sanjal,Kussasai (Kunjo) Bantaba,700,,,,,,,,,,,,,,,
Kerewan,Sabach Sanjal,Loumen Bantaba,833,,,,,,,,,,,,,,,
Kerewan,Sabach Sanjal,Mballow Omar (Sinchu Sanjal) Bantaba,752,,,,,,,,,,,,,,,
Kerewan,Sabach Sanjal,Mbapa Mariga School,741,,,,,,,,,,,,,,,
Kerewan,Sabach Sanjal,Ngayen Sanjal Bantaba,2227,,,,,,,,,,,,,,,
Kerewan,Sabach Sanjal,Nyangen (Challa) Bantaba,482,,,,,,,,,,,,,,,
Kerewan,Sabach Sanjal,Palen Wolof Health Cente,904,,,,,,,,,,,,,,,
Kerewan,Sabach Sanjal,Sabach Sukoto Bantaba,933,,,,,,,,,,,,,,,
Kerewan,Sabach Sanjal,Sara Kunda Bantaba,786,,,,,,,,,,,,,,,
Kerewan,Sabach Sanjal,Sinchu Palen Bantaba,221,,,,,,,,,,,,,,,
Kerewan,Upper Nuimi,Albreda School,880,,,,,,,,,,,,,,,
Kerewan,Upper Nuimi,Aljamdu Bantaba,522,,,,,,,,,,,,,,,
Kerewan,Upper Nuimi,Bakalar Medina Bantaba,1172,,,,,,,,,,,,,,,
Kerewan,Upper Nuimi,Biran Kanni Bantaba,683,,,,,,,,,,,,,,,
Kerewan,Upper Nuimi,Chilla Health Centre,1242,,,,,,,,,,,,,,,
Kerewan,Upper Nuimi,Darusalam Bantaba,532,,,,,,,,,,,,,,,
Kerewan,Upper Nuimi,Fass Omar Saho  Health Centre,2254,,,,,,,,,,,,,,,
Kerewan,Upper Nuimi,Jurunku Bantaba,459,,,,,,,,,,,,,,,
Kerewan,Upper Nuimi,Kabakoto Bantaba,780,,,,,,,,,,,,,,,
Kerewan,Upper Nuimi,Kerr Chebo Jallow (Kayal) Bantaba,626,,,,,,,,,,,,,,,
Kerewan,Upper Nuimi,Lamin School,1121,,,,,,,,,,,,,,,
Kerewan,Upper Nuimi,Madina Sidiya Bantaba,1037,,,,,,,,,,,,,,,
Kerewan,Upper Nuimi,Medina Bafuloto Market,812,,,,,,,,,,,,,,,
Kerewan,Upper Nuimi,Pakau Ba (Pakau Njogu) Health Centre,1240,,,,,,,,,,,,,,,
Kerewan,Upper Nuimi,Passy Bantaba,489,,,,,,,,,,,,,,,
Kerewan,Upper Nuimi,Prince Bantaba,356,,,,,,,,,,,,,,,
Kerewan,Upper Nuimi,Sami Koto Seed Store,463,,,,,,,,,,,,,,,
Kerewan,Upper Nuimi,Sika Health Centre,586,,,,,,,,,,,,,,,
Kerewan,Upper Nuimi,Sitanunku Bantaba,1089,,,,,,,,,,,,,,,
Mansakonko,Jarra Central,Buiba,607,,,,,,,,,,,,,,,
Mansakonko,Jarra Central,Diganteh,1098,,,,,,,,,,,,,,,
Mansakonko,Jarra Central,Foroyaa Fula,521,,,,,,,,,,,,,,,
Mansakonko,Jarra Central,Jalambereh,1349,,,,,,,,,,,,,,,
Mansakonko,Jarra Central,Japinneh  Tembeto,623,,,,,,,,,,,,,,,
Mansakonko,Jarra Central,Japinneh Marikoto,902,,,,,,,,,,,,,,,
Mansakonko,Jarra Central,Naneko,509,,,,,,,,,,,,,,,
Mansakonko,Jarra Central,Wellingara. (Sita Huma),372,,,,,,,,,,,,,,,
Mansakonko,Jarra East,Barrow Kunda,551,,,,,,,,,,,,,,,
Mansakonko,Jarra East,Barrow Kunda Suwareh Kunda,779,,,,,,,,,,,,,,,
Mansakonko,Jarra East,Bureng,1003,,,,,,,,,,,,,,,
Mansakonko,Jarra East,Darsilameh,404,,,,,,,,,,,,,,,
Mansakonko,Jarra East,Dingirai,1025,,,,,,,,,,,,,,,
Mansakonko,Jarra East,Dongoroba,1266,,,,,,,,,,,,,,,
Mansakonko,Jarra East,Jasong,719,,,,,,,,,,,,,,,
Mansakonko,Jarra East,Madina,487,,,,,,,,,,,,,,,
Mansakonko,Jarra East,Nyawurulung,850,,,,,,,,,,,,,,,
Mansakonko,Jarra East,Pakaliba,811,,,,,,,,,,,,,,,
Mansakonko,Jarra East,Sukuta,369,,,,,,,,,,,,,,,
Mansakonko,Jarra East,Sutukung,908,,,,,,,,,,,,,,,
Mansakonko,Jarra East,Wellingara Ba,1824,,,,,,,,,,,,,,,
Mansakonko,Jarra West,Diganteh,1081,,,,,,,,,,,,,,,
Mansakonko,Jarra West,Fonkoi Kunda,269,,,,,,,,,,,,,,,
Mansakonko,Jarra West,Jabisa,164,,,,,,,,,,,,,,,
Mansakonko,Jarra West,Jenoi,579,,,,,,,,,,,,,,,
Mansakonko,Jarra West,Kanikunda,733,,,,,,,,,,,,,,,
Mansakonko,Jarra West,Karantaba,879,,,,,,,,,,,,,,,
Mansakonko,Jarra West,Missera,1510,,,,,,,,,,,,,,,
Mansakonko,Jarra West,Pakalinding,1068,,,,,,,,,,,,,,,
Mansakonko,Jarra West,Sankwia,893,,,,,,,,,,,,,,,
Mansakonko,Jarra West,Sare Saidy,255,,,,,,,,,,,,,,,
Mansakonko,Jarra West,Seno Bajonki,822,,,,,,,,,,,,,,,
Mansakonko,Jarra West,Si-Kunda,650,,,,,,,,,,,,,,,
Mansakonko,Jarra West,Soma  Angalfuta,1192,,,,,,,,,,,,,,,
Mansakonko,Jarra West,Soma Misera,1260,,,,,,,,,,,,,,,
Mansakonko,Jarra West,Soma New Town,1168,,,,,,,,,,,,,,,
Mansakonko,Jarra West,Soma Sateba,1327,,,,,,,,,,,,,,,
Mansakonko,Jarra West,Toniataba,1195,,,,,,,,,,,,,,,
Mansakonko,Kiang Central,Jiroff,543,,,,,,,,,,,,,,,
Mansakonko,Kiang Central,Kwinella. Nya Kunda,908,,,,,,,,,,,,,,,
Mansakonko,Kiang Central,Kwinella. Sansang Kono,771,,,,,,,,,,,,,,,
Mansakonko,Kiang Central,Madina Angalleh,1445,,,,,,,,,,,,,,,
Mansakonko,Kiang Central,Nema,1203,,,,,,,,,,,,,,,
Mansakonko,Kiang Central,Nema Kuta,398,,,,,,,,,,,,,,,
Mansakonko,Kiang Central,Sare Sarjo,520,,,,,,,,,,,,,,,
Mansakonko,Kiang Central,Sibito,760,,,,,,,,,,,,,,,
Mansakonko,Kiang Central,Wurokang,452,,,,,,,,,,,,,,,
Mansakonko,Kiang East,Geniere,539,,,,,,,,,,,,,,,
Mansakonko,Kiang East,Jomarr,307,,,,,,,,,,,,,,,
Mansakonko,Kiang East,Kaiaf,1230,,,,,,,,,,,,,,,
Mansakonko,Kiang East,Kolior,520,,,,,,,,,,,,,,,
Mansakonko,Kiang East,Madina Sinchu,1008,,,,,,,,,,,,,,,
Mansakonko,Kiang East,Massembeh,614,,,,,,,,,,,,,,,
Mansakonko,Kiang East,Njolofen,523,,,,,,,,,,,,,,,
Mansakonko,Kiang East,Toranka Bantang,312,,,,,,,,,,,,,,,
Mansakonko,Kiang West,Batelling,270,,,,,,,,,,,,,,,
Mansakonko,Kiang West,Burong,607,,,,,,,,,,,,,,,
Mansakonko,Kiang West,Dumbutu,532,,,,,,,,,,,,,,,
Mansakonko,Kiang West,Jali,789,,,,,,,,,,,,,,,
Mansakonko,Kiang West,Janneh Kunda,381,,,,,,,,,,,,,,,
Mansakonko,Kiang West,Jattaba,738,,,,,,,,,,,,,,,
Mansakonko,Kiang West,Jiffarong,1266,,,,,,,,,,,,,,,
Mansakonko,Kiang West,Jissay,133,,,,,,,,,,,,,,,
Mansakonko,Kiang West,Joli,311,,,,,,,,,,,,,,,
Mansakonko,Kiang West,Kantong Kunda,351,,,,,,,,,,,,,,,
Mansakonko,Kiang West,Karantaba,774,,,,,,,,,,,,,,,
Mansakonko,Kiang West,Kemoto,121,,,,,,,,,,,,,,,
Mansakonko,Kiang West,Keneba,1004,,,,,,,,,,,,,,,
Mansakonko,Kiang West,Kuli Kunda,494,,,,,,,,,,,,,,,
Mansakonko,Kiang West,Manduar,511,,,,,,,,,,,,,,,
Mansakonko,Kiang West,Nioro Jattaba,1193,,,,,,,,,,,,,,,
Mansakonko,Kiang West,Sankandi,367,,,,,,,,,,,,,,,
Mansakonko,Kiang West,Tankular,539,,,,,,,,,,,,,,,
,,,,,,,,,,,,,,,,,,
,,,,,,,,,,,,,,,,,,
,,,,,,,,,,,,,,,,,,
,,,,,,,,,,,,,,,,,,
,,,,,,,,,,,,,,,,,,
,,,,,,,,,,,,,,,,,,
,,,,,,,,,,,,,,,,,,
,,,,,,,,,,,,,,,,,,
,,,,,,,,,,,,,,,,,,
,,,,,,,,,,,,,,,,,,
,,,,,,,,,,,,,,,,,,
,,,,,,,,,,,,,,,,,,
,,,,,,,,,,,,,,,,,,
,,,,,,,,,,,,,,,,,,
,,,,,,,,,,,,,,,,,,
,,,,,,,,,,,,,,,,,,
,,,,,,,,,,,,,,,,,,
,,,,,,,,,,,,,,,,,,
,,,,,,,,,,,,,,,,,,
,,,,,,,,,,,,,,,,,,
,,,,,,,,,,,,,,,,,,
,,,,,,,,,,,,,,,,,,
,,,,,,,,,,,,,,,,,,
,,,,,,,,,,,,,,,,,,
,,,,,,,,,,,,,,,,,,
,,,,,,,,,,,,,,,,,,
,,,,,,,,,,,,,,,,,,
,,,,,,,,,,,,,,,,,,
,,,,,,,,,,,,,,,,,,
,,,,,,,,,,,,,,,,,,
,,,,,,,,,,,,,,,,,,
,,,,,,,,,,,,,,,,,,
,,,,,,,,,,,,,,,,,,
,,,,,,,,,,,,,,,,,,
,,,,,,,,,,,,,,,,,,
,,,,,,,,,,,,,,,,,,
,,,,,,,,,,,,,,,,,,
,,,,,,,,,,,,,,,,,,
,,,,,,,,,,,,,,,,,,
,,,,,,,,,,,,,,,,,,
,,,,,,,,,,,,,,,,,,
,,,,,,,,,,,,,,,,,,
,,,,,,,,,,,,,,,,,,
,,,,,,,,,,,,,,,,,,
,,,,,,,,,,,,,,,,,,
,,,,,,,,,,,,,,,,,,
,,,,,,,,,,,,,,,,,,
,,,,,,,,,,,,,,,,,,
,,,,,,,,,,,,,,,,,,
,,,,,,,,,,,,,,,,,,
,,,,,,,,,,,,,,,,,,
,,,,,,,,,,,,,,,,,,
,,,,,,,,,,,,,,,,,,
,,,,,,,,,,,,,,,,,,
,,,,,,,,,,,,,,,,,,
,,,,,,,,,,,,,,,,,,
,,,,,,,,,,,,,,,,,,
,,,,,,,,,,,,,,,,,,
,,,,,,,,,,,,,,,,,,
,,,,,,,,,,,,,,,,,,
,,,,,,,,,,,,,,,,,,
,,,,,,,,,,,,,,,,,,
,,,,,,,,,,,,,,,,,,
,,,,,,,,,,,,,,,,,,
,,,,,,,,,,,,,,,,,,
,,,,,,,,,,,,,,,,,,
,,,,,,,,,,,,,,,,,,
,,,,,,,,,,,,,,,,,,
,,,,,,,,,,,,,,,,,,
,,,,,,,,,,,,,,,,,,
,,,,,,,,,,,,,,,,,,
,,,,,,,,,,,,,,,,,,
,,,,,,,,,,,,,,,,,,
,,,,,,,,,,,,,,,,,,
,,,,,,,,,,,,,,,,,,
,,,,,,,,,,,,,,,,,,
,,,,,,,,,,,,,,,,,,
,,,,,,,,,,,,,,,,,,
,,,,,,,,,,,,,,,,,,
,,,,,,,,,,,,,,,,,,
,,,,,,,,,,,,,,,,,,
,,,,,,,,,,,,,,,,,,
,,,,,,,,,,,,,,,,,,
,,,,,,,,,,,,,,,,,,
,,,,,,,,,,,,,,,,,,
,,,,,,,,,,,,,,,,,,
,,,,,,,,,,,,,,,,,,
,,,,,,,,,,,,,,,,,,
,,,,,,,,,,,,,,,,,,
,,,,,,,,,,,,,,,,,,
,,,,,,,,,,,,,,,,,,
,,,,,,,,,,,,,,,,,,
,,,,,,,,,,,,,,,,,,
,,,,,,,,,,,,,,,,,,
,,,,,,,,,,,,,,,,,,
,,,,,,,,,,,,,,,,,,
,,,,,,,,,,,,,,,,,,
,,,,,,,,,,,,,,,,,,
,,,,,,,,,,,,,,,,,,
,,,,,,,,,,,,,,,,,,
,,,,,,,,,,,,,,,,,,
,,,,,,,,,,,,,,,,,,
,,,,,,,,,,,,,,,,,,
,,,,,,,,,,,,,,,,,,
,,,,,,,,,,,,,,,,,,
,,,,,,,,,,,,,,,,,,
,,,,,,,,,,,,,,,,,,
,,,,,,,,,,,,,,,,,,
,,,,,,,,,,,,,,,,,,
,,,,,,,,,,,,,,,,,,
,,,,,,,,,,,,,,,,,,
,,,,,,,,,,,,,,,,,,
,,,,,,,,,,,,,,,,,,
,,,,,,,,,,,,,,,,,,
,,,,,,,,,,,,,,,,,,
,,,,,,,,,,,,,,,,,,
,,,,,,,,,,,,,,,,,,
,,,,,,,,,,,,,,,,,,
,,,,,,,,,,,,,,,,,,
,,,,,,,,,,,,,,,,,,
,,,,,,,,,,,,,,,,,,
,,,,,,,,,,,,,,,,,,
,,,,,,,,,,,,,,,,,,
,,,,,,,,,,,,,,,,,,
,,,,,,,,,,,,,,,,,,
,,,,,,,,,,,,,,,,,,
,,,,,,,,,,,,,,,,,,
,,,,,,,,,,,,,,,,,,
,,,,,,,,,,,,,,,,,,
,,,,,,,,,,,,,,,,,,
,,,,,,,,,,,,,,,,,,
,,,,,,,,,,,,,,,,,,
,,,,,,,,,,,,,,,,,,
,,,,,,,,,,,,,,,,,,
,,,,,,,,,,,,,,,,,,
,,,,,,,,,,,,,,,,,,
,,,,,,,,,,,,,,,,,,
,,,,,,,,,,,,,,,,,,
,,,,,,,,,,,,,,,,,,
,,,,,,,,,,,,,,,,,,
,,,,,,,,,,,,,,,,,,
,,,,,,,,,,,,,,,,,,
,,,,,,,,,,,,,,,,,,
,,,,,,,,,,,,,,,,,,
,,,,,,,,,,,,,,,,,,
,,,,,,,,,,,,,,,,,,
,,,,,,,,,,,,,,,,,,
,,,,,,,,,,,,,,,,,,
,,,,,,,,,,,,,,,,,,
,,,,,,,,,,,,,,,,,,
,,,,,,,,,,,,,,,,,,
,,,,,,,,,,,,,,,,,,
,,,,,,,,,,,,,,,,,,
,,,,,,,,,,,,,,,,,,
,,,,,,,,,,,,,,,,,,
,,,,,,,,,,,,,,,,,,
,,,,,,,,,,,,,,,,,,
,,,,,,,,,,,,,,,,,,
,,,,,,,,,,,,,,,,,,
,,,,,,,,,,,,,,,,,,
,,,,,,,,,,,,,,,,,,
,,,,,,,,,,,,,,,,,,
,,,,,,,,,,,,,,,,,,
,,,,,,,,,,,,,,,,,,
,,,,,,,,,,,,,,,,,,
,,,,,,,,,,,,,,,,,,
,,,,,,,,,,,,,,,,,,
,,,,,,,,,,,,,,,,,,
,,,,,,,,,,,,,,,,,,
,,,,,,,,,,,,,,,,,,
,,,,,,,,,,,,,,,,,,
,,,,,,,,,,,,,,,,,,
,,,,,,,,,,,,,,,,,,
,,,,,,,,,,,,,,,,,,
,,,,,,,,,,,,,,,,,,
,,,,,,,,,,,,,,,,,,
,,,,,,,,,,,,,,,,,,
,,,,,,,,,,,,,,,,,,
,,,,,,,,,,,,,,,,,,
,,,,,,,,,,,,,,,,,,
,,,,,,,,,,,,,,,,,,
,,,,,,,,,,,,,,,,,,
,,,,,,,,,,,,,,,,,,
,,,,,,,,,,,,,,,,,,
,,,,,,,,,,,,,,,,,,
,,,,,,,,,,,,,,,,,,
,,,,,,,,,,,,,,,,,,
,,,,,,,,,,,,,,,,,,
,,,,,,,,,,,,,,,,,,
,,,,,,,,,,,,,,,,,,
,,,,,,,,,,,,,,,,,,
,,,,,,,,,,,,,,,,,,
,,,,,,,,,,,,,,,,,,
,,,,,,,,,,,,,,,,,,
,,,,,,,,,,,,,,,,,,
,,,,,,,,,,,,,,,,,,
,,,,,,,,,,,,,,,,,,
,,,,,,,,,,,,,,,,,,
,,,,,,,,,,,,,,,,,,
,,,,,,,,,,,,,,,,,,
,,,,,,,,,,,,,,,,,,
,,,,,,,,,,,,,,,,,,
,,,,,,,,,,,,,,,,,,
,,,,,,,,,,,,,,,,,,
,,,,,,,,,,,,,,,,,,
,,,,,,,,,,,,,,,,,,
,,,,,,,,,,,,,,,,,,
,,,,,,,,,,,,,,,,,,
,,,,,,,,,,,,,,,,,,
,,,,,,,,,,,,,,,,,,
,,,,,,,,,,,,,,,,,,
,,,,,,,,,,,,,,,,,,
,,,,,,,,,,,,,,,,,,
,,,,,,,,,,,,,,,,,,
,,,,,,,,,,,,,,,,,,
,,,,,,,,,,,,,,,,,,
,,,,,,,,,,,,,,,,,,
,,,,,,,,,,,,,,,,,,
,,,,,,,,,,,,,,,,,,
,,,,,,,,,,,,,,,,,,
,,,,,,,,,,,,,,,,,,
,,,,,,,,,,,,,,,,,,
,,,,,,,,,,,,,,,,,,
,,,,,,,,,,,,,,,,,,
,,,,,,,,,,,,,,,,,,
,,,,,,,,,,,,,,,,,,
,,,,,,,,,,,,,,,,,,
,,,,,,,,,,,,,,,,,,
,,,,,,,,,,,,,,,,,,
,,,,,,,,,,,,,,,,,,
,,,,,,,,,,,,,,,,,,
,,,,,,,,,,,,,,,,,,
,,,,,,,,,,,,,,,,,,
,,,,,,,,,,,,,,,,,,
,,,,,,,,,,,,,,,,,,
,,,,,,,,,,,,,,,,,,
,,,,,,,,,,,,,,,,,,
,,,,,,,,,,,,,,,,,,
,,,,,,,,,,,,,,,,,,
,,,,,,,,,,,,,,,,,,
,,,,,,,,,,,,,,,,,,
,,,,,,,,,,,,,,,,,,
,,,,,,,,,,,,,,,,,,
,,,,,,,,,,,,,,,,,,
,,,,,,,,,,,,,,,,,,
,,,,,,,,,,,,,,,,,,
,,,,,,,,,,,,,,,,,,
,,,,,,,,,,,,,,,,,,
,,,,,,,,,,,,,,,,,,
,,,,,,,,,,,,,,,,,,
,,,,,,,,,,,,,,,,,,
,,,,,,,,,,,,,,,,,,
,,,,,,,,,,,,,,,,,,
,,,,,,,,,,,,,,,,,,
,,,,,,,,,,,,,,,,,,
,,,,,,,,,,,,,,,,,,
,,,,,,,,,,,,,,,,,,
,,,,,,,,,,,,,,,,,,
,,,,,,,,,,,,,,,,,,
,,,,,,,,,,,,,,,,,,
,,,,,,,,,,,,,,,,,,
,,,,,,,,,,,,,,,,,,
,,,,,,,,,,,,,,,,,,
,,,,,,,,,,,,,,,,,,
,,,,,,,,,,,,,,,,,,
,,,,,,,,,,,,,,,,,,
,,,,,,,,,,,,,,,,,,
,,,,,,,,,,,,,,,,,,
,,,,,,,,,,,,,,,,,,
